t_ms,state,buffered_bytes,buffered_ms,underruns,resumes,play_failures,stream_rebuilds,sessions,chunk_reads,last_chunk_ms,max_chunk_ms,last_push_gap_ms,max_push_gap_ms
50,Off,0,0,0,0,0,0,1,0,0,0,0,0
254,Off,0,0,0,0,0,0,1,0,0,0,0,0
509,Off,0,0,0,0,0,0,1,0,0,0,0,0
762,Off,0,0,0,0,0,0,1,0,0,0,0,0
1015,Off,0,0,0,0,0,0,1,5,0,0,0,0
1268,Playing,1861632,5276,0,0,0,0,1,79,0,162,0,162
1521,Playing,2711552,7685,0,0,0,0,1,116,0,162,0,162
1775,Playing,5588992,15841,0,0,0,0,1,233,95,162,95,162
2028,Playing,5554176,15743,0,0,0,0,1,235,0,176,0,177
2282,Playing,5547008,15722,0,0,0,0,1,238,174,176,175,177
2535,Playing,5595136,15859,0,0,0,0,1,243,0,179,0,179
2789,Playing,5587968,15838,0,0,0,0,1,246,2,179,2,179
3004,Playing,5569536,15786,0,0,0,0,1,248,0,179,0,179
3253,Playing,5562368,15766,0,0,0,0,1,251,0,179,0,179
3502,Playing,5591040,15847,0,0,0,0,1,255,0,179,0,179
3752,Playing,5556224,15748,0,0,0,0,1,257,0,179,0,179
4003,Playing,5576704,15806,0,0,0,0,1,261,0,179,0,179
4253,Playing,5550080,15731,0,0,0,0,1,266,0,179,13,179
4500,Playing,5570560,15789,0,0,0,0,1,270,0,179,0,179
4812,Playing,5547008,15722,0,0,0,0,1,273,0,179,0,179
5059,Playing,5567488,15780,0,0,0,0,1,277,0,179,0,179
5308,Playing,5560320,15760,0,0,0,0,1,280,95,179,95,179
5559,Playing,5553152,15740,0,0,0,0,1,283,0,179,0,179
5808,Playing,5554176,15743,0,0,0,0,1,286,0,179,0,179
6055,Playing,5574656,15801,0,0,0,0,1,290,0,179,0,179
6301,Playing,5603328,15882,0,0,0,0,1,294,0,179,0,179
6546,Playing,5540864,15705,0,0,0,0,1,295,176,179,176,179
6794,Playing,5561344,15763,0,0,0,0,1,299,0,179,0,179
7040,Playing,5562368,15766,0,0,0,0,1,305,0,179,0,179
7287,Playing,5499904,15589,0,0,0,0,1,306,176,179,176,179
7537,Playing,5520384,15647,0,0,0,0,1,310,0,179,0,179
7788,Playing,5521408,15650,0,0,0,0,1,313,0,179,0,179
8035,Playing,5541888,15708,0,0,0,0,1,317,92,179,92,179
8284,Playing,5507072,15609,0,0,0,0,1,319,1,179,1,179
8534,Playing,5508096,15612,0,0,0,0,1,322,0,179,0,179
8789,Playing,5556224,15748,0,0,0,0,1,327,0,179,0,179
9035,Playing,5466112,15493,0,0,0,0,1,327,0,179,0,179
9283,Playing,5522432,15653,0,0,0,0,1,332,0,332,0,332
9532,Playing,5542912,15711,0,0,0,0,1,336,2,332,2,332
9781,Playing,5526528,15664,0,0,0,0,1,341,0,332,2,332
10035,Playing,5473280,15513,0,0,0,0,1,343,0,332,0,332
10284,Playing,5501952,15595,0,0,0,0,1,347,0,332,0,332
10535,Playing,5467136,15496,0,0,0,0,1,349,95,332,95,332
10784,Playing,5515264,15632,0,0,0,0,1,354,17,332,17,332
11034,Playing,5508096,15612,0,0,0,0,1,357,1,332,1,332
11284,Playing,5481472,15537,0,0,0,0,1,359,0,332,0,332
11535,Playing,5501952,15595,0,0,0,0,1,363,0,332,0,332
11785,Playing,5522432,15653,0,0,0,0,1,367,0,332,0,332
12034,Playing,5487616,15554,0,0,0,0,1,369,91,332,92,332
12282,Playing,5488640,15557,0,0,0,0,1,372,0,332,0,332
12531,Playing,5481472,15537,0,0,0,0,1,375,94,332,94,332
12777,Playing,5474304,15516,0,0,0,0,1,381,97,332,97,332
13027,Playing,5502976,15598,0,0,0,0,1,385,0,332,0,332
13279,Playing,5440512,15420,0,0,0,0,1,386,176,332,176,332
13531,Playing,5460992,15479,0,0,0,0,1,390,175,332,175,332
13781,Playing,5481472,15537,0,0,0,0,1,394,0,332,0,332
14031,Playing,5482496,15539,0,0,0,0,1,397,0,332,0,332
14279,Playing,5475328,15519,0,0,0,0,1,400,0,332,0,332
14527,Playing,5468160,15499,0,0,0,0,1,403,0,332,0,332
14778,Playing,5496832,15580,0,0,0,0,1,407,0,332,0,332
15027,Playing,5489664,15560,0,0,0,0,1,410,93,332,93,332
15277,Playing,5454848,15461,0,0,0,0,1,412,94,332,94,332
15530,Playing,5447680,15441,0,0,0,0,1,418,0,332,0,332
15780,Playing,5476352,15522,0,0,0,0,1,422,0,332,0,332
16027,Playing,5441536,15423,0,0,0,0,1,424,174,332,175,332
16276,Playing,5434368,15403,0,0,0,0,1,427,0,332,0,332
16525,Playing,5463040,15484,0,0,0,0,1,431,0,332,0,332
16773,Playing,5428224,15386,0,0,0,0,1,433,175,332,175,332
17024,Playing,5448704,15444,0,0,0,0,1,437,91,332,92,332
17270,Playing,5422080,15368,0,0,0,0,1,439,0,332,0,332
17518,Playing,5442560,15426,0,0,0,0,1,443,0,332,0,332
17767,Playing,5463040,15484,0,0,0,0,1,447,0,332,0,332
18016,Playing,5464064,15487,0,0,0,0,1,450,0,332,0,332
18266,Playing,5429248,15389,0,0,0,0,1,452,0,332,0,332
18516,Playing,5412864,15342,0,0,0,0,1,458,0,332,0,332
18767,Playing,5405696,15322,0,0,0,0,1,461,0,332,0,332
19015,Playing,5434368,15403,0,0,0,0,1,465,0,332,0,332
19264,Playing,5399552,15304,0,0,0,0,1,467,0,332,0,332
19515,Playing,5392384,15284,0,0,0,0,1,470,0,332,0,332
19764,Playing,5393408,15287,0,0,0,0,1,473,172,332,172,332
20013,Playing,5441536,15423,0,0,0,0,1,478,0,332,0,332
20264,Playing,5406720,15325,0,0,0,0,1,480,95,332,96,332
20514,Playing,5399552,15304,0,0,0,0,1,483,0,332,0,332
20763,Playing,5428224,15386,0,0,0,0,1,487,0,332,0,332
21010,Playing,5421056,15365,0,0,0,0,1,490,0,332,0,332
21262,Playing,5349376,15162,0,0,0,0,1,494,0,332,0,332
21512,Playing,5350400,15165,0,0,0,0,1,497,0,332,0,332
21762,Playing,5370880,15223,0,0,0,0,1,501,0,332,0,332
22012,Playing,5363712,15203,0,0,0,0,1,504,171,332,171,332
22261,Playing,5411840,15339,0,0,0,0,1,509,0,332,0,332
22511,Playing,5357568,15185,0,0,0,0,1,510,174,332,174,332
22760,Playing,5350400,15165,0,0,0,0,1,513,177,332,177,332
23007,Playing,5370880,15223,0,0,0,0,1,517,175,332,175,332
23257,Playing,5371904,15226,0,0,0,0,1,520,174,332,174,332
23506,Playing,5364736,15206,0,0,0,0,1,523,0,332,0,332
23755,Playing,5357568,15185,0,0,0,0,1,526,178,332,178,332
24006,Playing,5341184,15139,0,0,0,0,1,532,1,332,1,332
24254,Playing,5369856,15220,0,0,0,0,1,536,0,332,0,332
24504,Playing,5307392,15043,0,0,0,0,1,537,95,332,95,332
24752,Playing,5327872,15101,0,0,0,0,1,541,0,332,0,332
25003,Playing,5356544,15182,0,0,0,0,1,545,0,332,0,332
25252,Playing,5349376,15162,0,0,0,0,1,548,0,332,0,332
25501,Playing,5314560,15063,0,0,0,0,1,550,0,332,0,332
25751,Playing,5335040,15121,0,0,0,0,1,554,0,332,0,332
26001,Playing,5336064,15124,0,0,0,0,1,557,0,332,0,332
26251,Playing,5356544,15182,0,0,0,0,1,561,0,332,0,332
26500,Playing,5377024,15240,0,0,0,0,1,565,0,332,0,332
26810,Playing,5325824,15095,0,0,0,0,1,570,0,332,0,332
27060,Playing,5291008,14997,0,0,0,0,1,572,14,332,14,332
27311,Playing,5319680,15078,0,0,0,0,1,576,0,332,0,332
27561,Playing,5312512,15058,0,0,0,0,1,579,0,332,0,332
27812,Playing,5305344,15037,0,0,0,0,1,582,175,332,176,332
28000,Playing,5295104,15008,0,0,0,0,1,584,1,332,2,332
28253,Playing,5315584,15066,0,0,0,0,1,588,97,332,97,332
28563,Playing,5319680,15078,0,0,0,0,1,592,0,332,0,332
28751,Playing,5281792,14971,0,0,0,0,1,593,89,332,89,332
29002,Playing,5302272,15029,0,0,0,0,1,597,98,332,98,332
29312,Playing,5306368,15040,0,0,0,0,1,601,0,332,0,332
29561,Playing,5299200,15020,0,0,0,0,1,604,0,332,0,332
29810,Playing,5292032,15000,0,0,0,0,1,610,177,332,178,332
30060,Playing,5265408,14924,0,0,0,0,1,612,0,332,0,332
30311,Playing,5258240,14904,0,0,0,0,1,615,96,332,96,332
30561,Playing,5278720,14962,0,0,0,0,1,619,0,332,0,332
30810,Playing,5299200,15020,0,0,0,0,1,623,0,332,0,332
31058,Playing,5300224,15023,0,0,0,0,1,626,0,332,0,332
31306,Playing,5265408,14924,0,0,0,0,1,628,0,332,0,332
31555,Playing,5294080,15005,0,0,0,0,1,632,0,332,0,332
31807,Playing,5286912,14985,0,0,0,0,1,635,0,332,0,332
32056,Playing,5307392,15043,0,0,0,0,1,639,0,332,0,332
32304,Playing,5272576,14944,0,0,0,0,1,641,0,332,0,332
32554,Playing,5245952,14869,0,0,0,0,1,646,95,332,95,332
32801,Playing,5266432,14927,0,0,0,0,1,650,15,332,15,332
33049,Playing,5286912,14985,0,0,0,0,1,654,0,332,0,332
33296,Playing,5232640,14831,0,0,0,0,1,655,175,332,175,332
33546,Playing,5280768,14968,0,0,0,0,1,660,0,332,0,332
33793,Playing,5273600,14947,0,0,0,0,1,663,0,332,0,332
34043,Playing,5274624,14950,0,0,0,0,1,666,94,332,94,332
34291,Playing,5295104,15008,0,0,0,0,1,670,13,332,13,332
34542,Playing,5287936,14988,0,0,0,0,1,673,0,332,0,332
34791,Playing,5253120,14889,0,0,0,0,1,675,177,332,177,332
35040,Playing,5281792,14971,0,0,0,0,1,679,0,332,0,332
35290,Playing,5246976,14872,0,0,0,0,1,684,90,332,90,332
35540,Playing,5212160,14773,0,0,0,0,1,686,0,332,0,332
35789,Playing,5240832,14854,0,0,0,0,1,690,0,332,0,332
36036,Playing,5233664,14834,0,0,0,0,1,693,174,332,175,332
36285,Playing,5254144,14892,0,0,0,0,1,697,171,332,171,332
36535,Playing,5227520,14817,0,0,0,0,1,699,0,332,0,332
36782,Playing,5248000,14875,0,0,0,0,1,703,0,332,0,332
37035,Playing,5240832,14854,0,0,0,0,1,706,174,332,175,332
37282,Playing,5269504,14936,0,0,0,0,1,710,0,332,0,332
37531,Playing,5207040,14759,0,0,0,0,1,711,95,332,95,332
37781,Playing,5255168,14895,0,0,0,0,1,716,0,332,0,332
38033,Playing,5220352,14796,0,0,0,0,1,721,1,332,1,332
38283,Playing,5221376,14799,0,0,0,0,1,724,0,332,0,332
38531,Playing,5214208,14779,0,0,0,0,1,727,0,332,0,332
38780,Playing,5179392,14680,0,0,0,0,1,729,0,332,0,332
39030,Playing,5208064,14762,0,0,0,0,1,733,176,332,176,332
39280,Playing,5256192,14898,0,0,0,0,1,738,0,332,0,332
39529,Playing,5193728,14721,0,0,0,0,1,739,171,332,171,332
39781,Playing,5214208,14779,0,0,0,0,1,743,0,332,0,332
40029,Playing,5242880,14860,0,0,0,0,1,747,0,332,0,332
40276,Playing,5235712,14840,0,0,0,0,1,750,0,332,0,332
40527,Playing,5256192,14898,0,0,0,0,1,754,0,332,0,332
40775,Playing,5201920,14744,0,0,0,0,1,755,175,332,175,332
41025,Playing,5167104,14645,0,0,0,0,1,760,0,332,0,332
41273,Playing,5215232,14782,0,0,0,0,1,765,16,332,16,332
41522,Playing,5216256,14785,0,0,0,0,1,768,0,332,0,332
41769,Playing,5181440,14686,0,0,0,0,1,770,178,332,178,332
42020,Playing,5201920,14744,0,0,0,0,1,774,1,332,1,332
42269,Playing,5202944,14747,0,0,0,0,1,777,0,332,0,332
42521,Playing,5223424,14805,0,0,0,0,1,781,94,332,94,332
42769,Playing,5188608,14706,0,0,0,0,1,783,0,332,0,332
43019,Playing,5209088,14764,0,0,0,0,1,787,0,332,0,332
43267,Playing,5210112,14767,0,0,0,0,1,790,175,332,176,332
43516,Playing,5212160,14773,0,0,0,0,1,794,0,332,0,332
43773,Playing,5131264,14544,0,0,0,0,1,797,176,332,176,332
44012,Playing,5187584,14704,0,0,0,0,1,802,0,332,0,332
44262,Playing,5180416,14683,0,0,0,0,1,805,0,332,0,332
44510,Playing,5153792,14608,0,0,0,0,1,807,0,332,0,332
44769,Playing,5146624,14587,0,0,0,0,1,810,0,332,0,332
45024,Playing,5167104,14645,0,0,0,0,1,814,163,332,163,332
45263,Playing,5168128,14648,0,0,0,0,1,817,162,332,162,332
45557,Playing,5172224,14660,0,0,0,0,1,821,8,332,8,332
45812,Playing,5192704,14718,0,0,0,0,1,825,0,332,0,332
46003,Playing,5182464,14689,0,0,0,0,1,827,0,332,0,332
46250,Playing,5202944,14747,0,0,0,0,1,831,0,332,0,332
46563,Playing,5114880,14497,0,0,0,0,1,835,93,332,93,332
46812,Playing,5135360,14556,0,0,0,0,1,839,92,332,92,332
47017,Playing,5125120,14526,0,0,0,0,1,841,2,332,2,332
47277,Playing,5145600,14585,0,0,0,0,1,845,91,332,91,332
47527,Playing,5166080,14643,0,0,0,0,1,849,0,332,0,332
47776,Playing,5158912,14622,0,0,0,0,1,852,0,332,0,332
48025,Playing,5159936,14625,0,0,0,0,1,855,0,332,0,332
48274,Playing,5152768,14605,0,0,0,0,1,858,0,332,0,332
48520,Playing,5145600,14585,0,0,0,0,1,861,95,332,95,332
48769,Playing,5118976,14509,0,0,0,0,1,863,0,332,0,332
49019,Playing,5139456,14567,0,0,0,0,1,867,0,332,0,332
49269,Playing,5113856,14495,0,0,0,0,1,872,0,332,16,332
49518,Playing,5143552,14579,0,0,0,0,1,877,0,332,0,332
49767,Playing,5089280,14425,0,0,0,0,1,878,173,332,173,332
50016,Playing,5109760,14483,0,0,0,0,1,882,0,332,0,332
50265,Playing,5130240,14541,0,0,0,0,1,886,0,332,0,332
50515,Playing,5131264,14544,0,0,0,0,1,889,0,332,0,332
50765,Playing,5096448,14445,0,0,0,0,1,891,0,332,0,332
51014,Playing,5116928,14503,0,0,0,0,1,895,0,332,0,332
51263,Playing,5090304,14428,0,0,0,0,1,897,97,332,98,332
51510,Playing,5138432,14564,0,0,0,0,1,902,0,332,0,332
51760,Playing,5075968,14387,0,0,0,0,1,903,176,332,176,332
52011,Playing,5104640,14468,0,0,0,0,1,907,176,332,176,332
52258,Playing,5069824,14370,0,0,0,0,1,912,172,332,173,332
52508,Playing,5035008,14271,0,0,0,0,1,914,0,332,0,332
52757,Playing,5083136,14407,0,0,0,0,1,919,0,332,0,332
53008,Playing,5084160,14410,0,0,0,0,1,922,0,332,0,332
53254,Playing,5076992,14390,0,0,0,0,1,925,176,332,176,332
53502,Playing,5078016,14393,0,0,0,0,1,928,176,332,176,332
53752,Playing,5070848,14373,0,0,0,0,1,931,0,332,0,332
54002,Playing,5063680,14352,0,0,0,0,1,934,177,332,177,332
54250,Playing,5092352,14434,0,0,0,0,1,938,171,332,171,332
54562,Playing,5088256,14422,0,0,0,0,1,942,0,332,0,332
54811,Playing,5089280,14425,0,0,0,0,1,945,175,332,175,332
55060,Playing,5026816,14248,0,0,0,0,1,949,0,332,0,332
55310,Playing,5047296,14306,0,0,0,0,1,953,17,332,17,332
55560,Playing,5040128,14286,0,0,0,0,1,956,173,332,173,332
55808,Playing,5068800,14367,0,0,0,0,1,960,173,332,173,332
56057,Playing,5006336,14190,0,0,0,0,1,961,95,332,95,332
56307,Playing,5054464,14326,0,0,0,0,1,966,0,332,0,332
56559,Playing,5055488,14329,0,0,0,0,1,969,1,332,1,332
56808,Playing,5075968,14387,0,0,0,0,1,973,0,332,0,332
57056,Playing,5041152,14288,0,0,0,0,1,975,0,332,0,332
57305,Playing,5069824,14370,0,0,0,0,1,979,0,332,0,332
57555,Playing,5035008,14271,0,0,0,0,1,981,176,332,176,332
57802,Playing,5027840,14251,0,0,0,0,1,987,177,332,177,332
58049,Playing,5001216,14175,0,0,0,0,1,989,0,332,0,332
58298,Playing,5021696,14233,0,0,0,0,1,993,0,332,0,332
58547,Playing,5042176,14291,0,0,0,0,1,997,14,332,14,332
58795,Playing,4987904,14138,0,0,0,0,1,998,178,332,178,332
59047,Playing,5008384,14196,0,0,0,0,1,1002,87,332,87,332
59294,Playing,5028864,14254,0,0,0,0,1,1006,0,332,0,332
59545,Playing,5021696,14233,0,0,0,0,1,1009,96,332,96,332
59793,Playing,5022720,14236,0,0,0,0,1,1012,93,332,93,332
60043,Playing,5015552,14216,0,0,0,0,1,1015,0,332,0,332
60292,Playing,5008384,14196,0,0,0,0,1,1018,1,332,1,332
60543,Playing,5009408,14199,0,0,0,0,1,1024,94,332,94,332
60791,Playing,5002240,14178,0,0,0,0,1,1027,0,332,0,332
61040,Playing,4967424,14080,0,0,0,0,1,1029,0,332,0,332
61289,Playing,4996096,14161,0,0,0,0,1,1033,0,332,0,332
61539,Playing,5016576,14219,0,0,0,0,1,1037,0,332,0,332
61791,Playing,5009408,14199,0,0,0,0,1,1040,0,332,0,332
62038,Playing,5002240,14178,0,0,0,0,1,1043,0,332,0,332
62287,Playing,4975616,14103,0,0,0,0,1,1045,95,332,95,332
62535,Playing,4996096,14161,0,0,0,0,1,1049,93,332,93,332
62786,Playing,5016576,14219,0,0,0,0,1,1053,0,332,0,332
63035,Playing,4954112,14042,0,0,0,0,1,1054,175,332,176,332
63287,Playing,4955136,14045,0,0,0,0,1,1057,0,332,0,332
63538,Playing,4975616,14103,0,0,0,0,1,1064,14,332,14,332
63786,Playing,4968448,14082,0,0,0,0,1,1067,175,332,175,332
64035,Playing,4969472,14085,0,0,0,0,1,1070,0,332,0,332
64285,Playing,4962304,14065,0,0,0,0,1,1073,0,332,0,332
64533,Playing,4955136,14045,0,0,0,0,1,1076,98,332,98,332
64784,Playing,4975616,14103,0,0,0,0,1,1080,97,332,97,332
65033,Playing,5004288,14184,0,0,0,0,1,1084,14,332,14,332
65282,Playing,4941824,14007,0,0,0,0,1,1085,174,332,175,332
65532,Playing,4989952,14143,0,0,0,0,1,1090,0,332,0,332
65782,Playing,4990976,14146,0,0,0,0,1,1093,0,332,0,332
66031,Playing,4983808,14126,0,0,0,0,1,1096,91,332,91,332
66280,Playing,4976640,14106,0,0,0,0,1,1102,97,332,97,332
66531,Playing,4941824,14007,0,0,0,0,1,1104,0,332,0,332
66778,Playing,4942848,14010,0,0,0,0,1,1107,0,332,0,332
67026,Playing,4908032,13911,0,0,0,0,1,1109,0,332,0,332
67274,Playing,4928512,13969,0,0,0,0,1,1113,94,332,94,332
67524,Playing,4957184,14050,0,0,0,0,1,1117,0,332,0,332
67771,Playing,4950016,14030,0,0,0,0,1,1120,0,332,0,332
68022,Playing,4915200,13931,0,0,0,0,1,1122,0,332,0,332
68271,Playing,4943872,14013,0,0,0,0,1,1126,0,332,0,332
68522,Playing,4936704,13992,0,0,0,0,1,1129,95,332,95,332
68769,Playing,4957184,14050,0,0,0,0,1,1133,94,332,94,332
69019,Playing,4940800,14004,0,0,0,0,1,1139,0,332,0,332
69269,Playing,4941824,14007,0,0,0,0,1,1142,1,332,2,332
69518,Playing,4907008,13908,0,0,0,0,1,1144,0,332,0,332
69768,Playing,4927488,13966,0,0,0,0,1,1148,0,332,0,332
70018,Playing,4873216,13812,0,0,0,0,1,1149,176,332,176,332
70269,Playing,4893696,13871,0,0,0,0,1,1153,0,332,0,332
70520,Playing,4914176,13929,0,0,0,0,1,1157,0,332,0,332
70770,Playing,4907008,13908,0,0,0,0,1,1160,93,332,93,332
71020,Playing,4935680,13990,0,0,0,0,1,1164,0,332,1,332
71269,Playing,4900864,13891,0,0,0,0,1,1166,0,332,0,332
71518,Playing,4893696,13871,0,0,0,0,1,1169,93,332,93,332
71770,Playing,4895744,13876,0,0,0,0,1,1175,0,332,11,332
72020,Playing,4905984,13905,0,0,0,0,1,1179,0,332,0,332
72268,Playing,4843520,13728,0,0,0,0,1,1180,175,332,175,332
72517,Playing,4864000,13786,0,0,0,0,1,1184,0,332,0,332
72766,Playing,4892672,13868,0,0,0,0,1,1188,0,332,0,332
73013,Playing,4885504,13847,0,0,0,0,1,1191,0,332,0,332
73265,Playing,4850688,13749,0,0,0,0,1,1193,0,332,0,332
73514,Playing,4851712,13752,0,0,0,0,1,1196,95,332,95,332
73766,Playing,4872192,13810,0,0,0,0,1,1200,93,332,93,332
74015,Playing,4892672,13868,0,0,0,0,1,1204,0,332,0,332
74261,Playing,4921344,13949,0,0,0,0,1,1208,0,332,0,332
74511,Playing,4858880,13772,0,0,0,0,1,1209,173,332,173,332
74761,Playing,4842496,13725,0,0,0,0,1,1215,0,332,0,332
75014,Playing,4835328,13705,0,0,0,0,1,1218,0,332,0,332
75260,Playing,4864000,13786,0,0,0,0,1,1222,91,332,91,332
75511,Playing,4829184,13688,0,0,0,0,1,1224,0,332,0,332
75761,Playing,4822016,13667,0,0,0,0,1,1227,94,332,94,332
76010,Playing,4850688,13749,0,0,0,0,1,1231,0,332,0,332
76257,Playing,4871168,13807,0,0,0,0,1,1235,0,332,0,332
76505,Playing,4864000,13786,0,0,0,0,1,1238,92,332,92,332
76756,Playing,4856832,13766,0,0,0,0,1,1241,0,332,0,332
77005,Playing,4857856,13769,0,0,0,0,1,1244,0,332,0,332
77253,Playing,4850688,13749,0,0,0,0,1,1247,173,332,173,332
77506,Playing,4815872,13650,0,0,0,0,1,1252,0,332,0,332
77756,Playing,4816896,13653,0,0,0,0,1,1255,0,332,0,332
78007,Playing,4809728,13633,0,0,0,0,1,1258,93,332,93,332
78255,Playing,4857856,13769,0,0,0,0,1,1263,13,332,13,332
78502,Playing,4831232,13693,0,0,0,0,1,1265,95,332,95,332
78751,Playing,4851712,13752,0,0,0,0,1,1269,94,332,94,332
79001,Playing,4844544,13731,0,0,0,0,1,1272,0,332,0,332
79250,Playing,4837376,13711,0,0,0,0,1,1275,0,332,0,332
79500,Playing,4838400,13714,0,0,0,0,1,1278,95,332,95,332
79808,Playing,4861952,13781,0,0,0,0,1,1283,1,332,1,332
80056,Playing,4807680,13627,0,0,0,0,1,1284,91,332,91,332
80305,Playing,4800512,13606,0,0,0,0,1,1290,0,332,0,332
80555,Playing,4793344,13586,0,0,0,0,1,1293,0,332,0,332
80805,Playing,4822016,13667,0,0,0,0,1,1297,0,332,0,332
81053,Playing,4787200,13569,0,0,0,0,1,1299,0,332,0,332
81305,Playing,4780032,13548,0,0,0,0,1,1302,0,332,0,332
81552,Playing,4808704,13630,0,0,0,0,1,1306,16,332,16,332
81803,Playing,4829184,13688,0,0,0,0,1,1310,0,332,0,332
82052,Playing,4822016,13667,0,0,0,0,1,1313,0,332,0,332
82303,Playing,4787200,13569,0,0,0,0,1,1315,0,332,0,332
82552,Playing,4815872,13650,0,0,0,0,1,1319,0,332,0,332
82798,Playing,4808704,13630,0,0,0,0,1,1322,0,332,0,332
83064,Playing,4765696,13508,0,0,0,0,1,1324,0,332,0,332
83252,Playing,4783104,13557,0,0,0,0,1,1330,0,332,0,332
83500,Playing,4784128,13560,0,0,0,0,1,1333,0,332,0,332
83750,Playing,4804608,13618,0,0,0,0,1,1337,0,332,0,332
84062,Playing,4808704,13630,0,0,0,0,1,1341,16,332,16,332
84310,Playing,4801536,13609,0,0,0,0,1,1344,0,332,0,332
84558,Playing,4794368,13589,0,0,0,0,1,1347,93,332,93,332
84808,Playing,4795392,13592,0,0,0,0,1,1350,0,332,0,332
85055,Playing,4788224,13572,0,0,0,0,1,1353,0,332,0,332
85305,Playing,4781056,13551,0,0,0,0,1,1356,15,332,15,332
85552,Playing,4782080,13554,0,0,0,0,1,1359,0,332,0,332
85802,Playing,4765696,13508,0,0,0,0,1,1364,0,332,15,332
86048,Playing,4767744,13514,0,0,0,0,1,1368,0,332,0,332
86299,Playing,4796416,13595,0,0,0,0,1,1372,0,332,0,332
86548,Playing,4733952,13418,0,0,0,0,1,1373,177,332,177,332
86798,Playing,4754432,13476,0,0,0,0,1,1377,3,332,3,332
87047,Playing,4774912,13534,0,0,0,0,1,1381,0,332,0,332
87295,Playing,4748288,13458,0,0,0,0,1,1383,178,332,178,332
87546,Playing,4768768,13516,0,0,0,0,1,1387,93,332,93,332
87797,Playing,4733952,13418,0,0,0,0,1,1389,0,332,0,332
88047,Playing,4762624,13499,0,0,0,0,1,1393,174,332,174,332
88296,Playing,4783104,13557,0,0,0,0,1,1397,0,332,0,332
88544,Playing,4720640,13380,0,0,0,0,1,1398,179,332,179,332
88793,Playing,4721664,13383,0,0,0,0,1,1404,174,332,174,332
89043,Playing,4742144,13441,0,0,0,0,1,1408,0,332,0,332
89290,Playing,4734976,13421,0,0,0,0,1,1411,0,332,1,332
89540,Playing,4736000,13424,0,0,0,0,1,1414,0,332,0,332
89790,Playing,4728832,13403,0,0,0,0,1,1417,0,332,0,332
90042,Playing,4721664,13383,0,0,0,0,1,1420,176,332,176,332
90293,Playing,4742144,13441,0,0,0,0,1,1424,175,332,175,332
90540,Playing,4687872,13287,0,0,0,0,1,1425,95,332,95,332
90788,Playing,4736000,13424,0,0,0,0,1,1430,0,332,0,332
91039,Playing,4756480,13482,0,0,0,0,1,1434,0,332,0,332
91289,Playing,4749312,13461,0,0,0,0,1,1437,0,332,0,332
91538,Playing,4695040,13307,0,0,0,0,1,1441,0,332,0,332
91787,Playing,4715520,13365,0,0,0,0,1,1445,0,332,0,332
92036,Playing,4680704,13267,0,0,0,0,1,1447,174,332,174,332
92284,Playing,4737024,13426,0,0,0,0,1,1452,0,332,0,332
92535,Playing,4674560,13249,0,0,0,0,1,1453,172,332,172,332
92784,Playing,4695040,13307,0,0,0,0,1,1457,177,332,177,332
93037,Playing,4715520,13365,0,0,0,0,1,1461,0,332,0,332
93286,Playing,4744192,13447,0,0,0,0,1,1465,0,332,0,332
93535,Playing,4737024,13426,0,0,0,0,1,1468,0,332,0,332
93783,Playing,4702208,13328,0,0,0,0,1,1470,1,332,1,332
94031,Playing,4703232,13331,0,0,0,0,1,1473,0,332,0,332
94281,Playing,4686848,13284,0,0,0,0,1,1479,176,332,176,332
94534,Playing,4652032,13186,0,0,0,0,1,1481,0,332,0,332
94785,Playing,4653056,13188,0,0,0,0,1,1484,176,332,176,332
95035,Playing,4673536,13246,0,0,0,0,1,1488,0,332,0,332
95284,Playing,4694016,13305,0,0,0,0,1,1492,0,332,0,332
95532,Playing,4686848,13284,0,0,0,0,1,1495,0,332,0,332
95780,Playing,4660224,13209,0,0,0,0,1,1497,0,332,0,332
96030,Playing,4680704,13267,0,0,0,0,1,1501,1,332,1,332
96280,Playing,4673536,13246,0,0,0,0,1,1504,0,332,0,332
96528,Playing,4702208,13328,0,0,0,0,1,1508,0,332,0,332
96777,Playing,4639744,13151,0,0,0,0,1,1509,90,332,90,332
97030,Playing,4660224,13209,0,0,0,0,1,1513,2,332,2,332
97278,Playing,4643840,13162,0,0,0,0,1,1519,0,332,0,332
97526,Playing,4672512,13244,0,0,0,0,1,1523,0,332,0,332
97777,Playing,4610048,13067,0,0,0,0,1,1524,91,332,91,332
98027,Playing,4630528,13125,0,0,0,0,1,1528,2,332,2,332
98278,Playing,4623360,13104,0,0,0,0,1,1531,180,332,181,332
98525,Playing,4652032,13186,0,0,0,0,1,1535,175,332,175,332
98776,Playing,4617216,13087,0,0,0,0,1,1537,0,332,0,332
99024,Playing,4610048,13067,0,0,0,0,1,1540,91,332,91,332
99276,Playing,4638720,13148,0,0,0,0,1,1544,172,332,172,332
99523,Playing,4631552,13127,0,0,0,0,1,1547,175,332,175,332
99774,Playing,4652032,13186,0,0,0,0,1,1551,0,332,0,332
100024,Playing,4580352,12982,0,0,0,0,1,1555,0,332,0,332
100273,Playing,4609024,13064,0,0,0,0,1,1559,0,332,0,332
100523,Playing,4601856,13043,0,0,0,0,1,1562,173,332,173,332
100773,Playing,4567040,12945,0,0,0,0,1,1564,0,332,0,332
101024,Playing,4595712,13026,0,0,0,0,1,1568,0,332,0,332
101273,Playing,4588544,13006,0,0,0,0,1,1571,0,332,0,332
101520,Playing,4609024,13064,0,0,0,0,1,1575,0,332,0,332
101768,Playing,4637696,13145,0,0,0,0,1,1579,0,332,0,332
102014,Playing,4575232,12968,0,0,0,0,1,1580,94,332,95,332
102262,Playing,4623360,13104,0,0,0,0,1,1585,0,332,0,332
102510,Playing,4624384,13107,0,0,0,0,1,1588,0,332,0,332
102761,Playing,4561920,12930,0,0,0,0,1,1589,175,332,175,332
103012,Playing,4554752,12910,0,0,0,0,1,1595,0,332,0,332
103261,Playing,4575232,12968,0,0,0,0,1,1599,0,332,0,332
103510,Playing,4603904,13049,0,0,0,0,1,1603,0,332,0,332
103756,Playing,4541440,12872,0,0,0,0,1,1604,175,332,175,332
104009,Playing,4561920,12930,0,0,0,0,1,1608,0,332,0,332
104259,Playing,4562944,12933,0,0,0,0,1,1611,94,332,94,332
104508,Playing,4583424,12991,0,0,0,0,1,1615,0,332,0,332
104757,Playing,4576256,12971,0,0,0,0,1,1618,95,332,95,332
105008,Playing,4569088,12950,0,0,0,0,1,1621,0,332,0,332
105259,Playing,4570112,12953,0,0,0,0,1,1624,0,332,0,332
105508,Playing,4562944,12933,0,0,0,0,1,1630,0,332,12,332
105759,Playing,4555776,12913,0,0,0,0,1,1633,95,332,95,332
106009,Playing,4584448,12994,0,0,0,0,1,1637,0,332,0,332
106256,Playing,4577280,12974,0,0,0,0,1,1640,93,332,93,332
106505,Playing,4570112,12953,0,0,0,0,1,1643,0,332,0,332
106756,Playing,4562944,12933,0,0,0,0,1,1646,0,332,0,332
107007,Playing,4563968,12936,0,0,0,0,1,1649,91,332,91,332
107255,Playing,4529152,12837,0,0,0,0,1,1651,0,332,0,332
107501,Playing,4557824,12919,0,0,0,0,1,1655,0,332,0,332
107811,Playing,4526080,12829,0,0,0,0,1,1658,94,332,94,332
108061,Playing,4574208,12965,0,0,0,0,1,1663,0,332,0,332
108309,Playing,4547584,12889,0,0,0,0,1,1666,0,332,0,332
108558,Playing,4485120,12712,0,0,0,0,1,1669,94,332,94,332
108809,Playing,4533248,12849,0,0,0,0,1,1674,0,332,0,332
109060,Playing,4534272,12852,0,0,0,0,1,1677,94,332,94,332
109310,Playing,4527104,12831,0,0,0,0,1,1680,174,332,174,332
109558,Playing,4492288,12733,0,0,0,0,1,1682,0,332,0,332
109810,Playing,4512768,12791,0,0,0,0,1,1686,93,332,93,332
110059,Playing,4541440,12872,0,0,0,0,1,1690,0,332,0,332
110309,Playing,4561920,12930,0,0,0,0,1,1694,0,332,0,332
110555,Playing,4499456,12753,0,0,0,0,1,1695,94,332,94,332
110803,Playing,4528128,12834,0,0,0,0,1,1699,0,332,0,332
111053,Playing,4520960,12814,0,0,0,0,1,1702,15,332,15,332
111305,Playing,4486144,12715,0,0,0,0,1,1707,0,332,0,332
111553,Playing,4478976,12695,0,0,0,0,1,1710,0,332,0,332
111801,Playing,4480000,12698,0,0,0,0,1,1713,96,332,96,332
112049,Playing,4500480,12756,0,0,0,0,1,1717,92,332,92,332
112299,Playing,4520960,12814,0,0,0,0,1,1721,0,332,0,332
112546,Playing,4466688,12660,0,0,0,0,1,1722,173,332,173,332
112795,Playing,4487168,12718,0,0,0,0,1,1726,0,332,0,332
113048,Playing,4507648,12776,0,0,0,0,1,1730,0,332,0,332
113295,Playing,4508672,12779,0,0,0,0,1,1733,175,332,175,332
113543,Playing,4501504,12759,0,0,0,0,1,1736,0,332,0,332
113792,Playing,4494336,12739,0,0,0,0,1,1739,1,332,1,332
114041,Playing,4467712,12663,0,0,0,0,1,1744,1,332,1,332
114290,Playing,4488192,12721,0,0,0,0,1,1748,0,332,0,332
114538,Playing,4425728,12544,0,0,0,0,1,1749,93,332,93,332
114789,Playing,4446208,12602,0,0,0,0,1,1753,91,332,91,332
115040,Playing,4502528,12762,0,0,0,0,1,1758,13,332,13,332
115289,Playing,4495360,12741,0,0,0,0,1,1761,2,332,2,332
115537,Playing,4460544,12643,0,0,0,0,1,1763,0,332,0,332
115785,Playing,4461568,12646,0,0,0,0,1,1766,0,332,0,332
116036,Playing,4454400,12625,0,0,0,0,1,1769,97,332,97,332
116285,Playing,4502528,12762,0,0,0,0,1,1774,0,332,0,332
116535,Playing,4440064,12585,0,0,0,0,1,1775,94,332,94,332
116788,Playing,4459520,12640,0,0,0,0,1,1781,0,332,12,332
117036,Playing,4433920,12567,0,0,0,0,1,1784,94,332,94,332
117286,Playing,4454400,12625,0,0,0,0,1,1788,91,332,91,332
117534,Playing,4447232,12605,0,0,0,0,1,1791,0,332,0,332
117783,Playing,4448256,12608,0,0,0,0,1,1794,0,332,0,332
118031,Playing,4441088,12588,0,0,0,0,1,1797,0,332,0,332
118280,Playing,4461568,12646,0,0,0,0,1,1801,176,332,177,332
118529,Playing,4462592,12649,0,0,0,0,1,1804,177,332,177,332
118778,Playing,4427776,12550,0,0,0,0,1,1806,88,332,88,332
119026,Playing,4448256,12608,0,0,0,0,1,1810,0,332,0,332
119275,Playing,4476928,12689,0,0,0,0,1,1814,0,332,0,332
119522,Playing,4451328,12617,0,0,0,0,1,1817,0,332,0,332
119773,Playing,4398080,12466,0,0,0,0,1,1821,0,332,0,332
120021,Playing,4418560,12524,0,0,0,0,1,1825,0,332,0,332
